Class,Function,Clone type,Settings,AntiCopyPaster v1.0 clone detection?,AntiCopyPaster v3.0 clone detection?,Link to video v1.0,Link to video v3.0
class: DrawApplet,createAttributeChoices,Type 1(a),Al model,Yes,Yes,https://stevens0-my.sharepoint.com/:v:/g/personal/ealomar_stevens_edu/ERj4FwHJF5VHvHs8lUT_QaIBPKhJXL8ubu7qMmuYI0m9Gg?nav=eyJyZWZlcnJhbEluZm8iOnsicmVmZXJyYWxBcHAiOiJPbmVEcml2ZUZvckJ1c2luZXNzIiwicmVmZXJyYWxBcHBQbGF0Zm9ybSI6IldlYiIsInJlZmVycmFsTW9kZSI6InZpZXciLCJyZWZlcnJhbFZpZXciOiJNeUZpbGVzTGlua0NvcHkifX0&e=SfzzXe,https://stevens0-my.sharepoint.com/:v:/g/personal/ealomar_stevens_edu/EW4wLx8daxhEuMwRUMf08rUBUWKlsJtWA-vIQeNXwAQQzg?nav=eyJyZWZlcnJhbEluZm8iOnsicmVmZXJyYWxBcHAiOiJPbmVEcml2ZUZvckJ1c2luZXNzIiwicmVmZXJyYWxBcHBQbGF0Zm9ybSI6IldlYiIsInJlZmVycmFsTW9kZSI6InZpZXciLCJyZWZlcnJhbFZpZXciOiJNeUZpbGVzTGlua0NvcHkifX0&e=UZTxNv
Class: FigureAttributeConstant,addConstant,Type 1(a),Al model,Yes,Yes,https://stevens0-my.sharepoint.com/:v:/g/personal/ealomar_stevens_edu/ERBacuDDBXdFhzRyH3HOzNsBHjIgGWWWNoUMCBucdu90Zg?nav=eyJyZWZlcnJhbEluZm8iOnsicmVmZXJyYWxBcHAiOiJPbmVEcml2ZUZvckJ1c2luZXNzIiwicmVmZXJyYWxBcHBQbGF0Zm9ybSI6IldlYiIsInJlZmVycmFsTW9kZSI6InZpZXciLCJyZWZlcnJhbFZpZXciOiJNeUZpbGVzTGlua0NvcHkifX0&e=LZomcg,https://stevens0-my.sharepoint.com/:v:/g/personal/ealomar_stevens_edu/EULCmoH3s0NHk6ychBE9BbUBlQx5X2IB8gLRFT_nZzsgsQ?nav=eyJyZWZlcnJhbEluZm8iOnsicmVmZXJyYWxBcHAiOiJPbmVEcml2ZUZvckJ1c2luZXNzIiwicmVmZXJyYWxBcHBQbGF0Zm9ybSI6IldlYiIsInJlZmVycmFsTW9kZSI6InZpZXciLCJyZWZlcnJhbFZpZXciOiJNeUZpbGVzTGlua0NvcHkifX0&e=1Up4aO
class: DrawApplet,init,Type 1(a),Al model,No,Yes,https://stevens0-my.sharepoint.com/:v:/g/personal/ealomar_stevens_edu/EYvo32NGLDhGg6zWuDWdw-cBtmrzPRFro6WUIRSOyMzF5Q?nav=eyJyZWZlcnJhbEluZm8iOnsicmVmZXJyYWxBcHAiOiJPbmVEcml2ZUZvckJ1c2luZXNzIiwicmVmZXJyYWxBcHBQbGF0Zm9ybSI6IldlYiIsInJlZmVycmFsTW9kZSI6InZpZXciLCJyZWZlcnJhbFZpZXciOiJNeUZpbGVzTGlua0NvcHkifX0&e=TbRuLo,https://stevens0-my.sharepoint.com/:v:/g/personal/ealomar_stevens_edu/EZAl_CY5jFdPrfq7BIREI6AB40U8bihHTd9FzuCiLjIyyA?nav=eyJyZWZlcnJhbEluZm8iOnsicmVmZXJyYWxBcHAiOiJPbmVEcml2ZUZvckJ1c2luZXNzIiwicmVmZXJyYWxBcHBQbGF0Zm9ybSI6IldlYiIsInJlZmVycmFsTW9kZSI6InZpZXciLCJyZWZlcnJhbFZpZXciOiJNeUZpbGVzTGlua0NvcHkifX0&e=usdDzT
class: NothingApplet,createTools,Type 1(a),Al model,No,Yes,https://stevens0-my.sharepoint.com/:v:/g/personal/ealomar_stevens_edu/Ec-uViXQUU1EmrGmtoXrUh0B1aVsgkRW0fcE-W-5kLEibg?nav=eyJyZWZlcnJhbEluZm8iOnsicmVmZXJyYWxBcHAiOiJPbmVEcml2ZUZvckJ1c2luZXNzIiwicmVmZXJyYWxBcHBQbGF0Zm9ybSI6IldlYiIsInJlZmVycmFsTW9kZSI6InZpZXciLCJyZWZlcnJhbFZpZXciOiJNeUZpbGVzTGlua0NvcHkifX0&e=zqaqzE,https://stevens0-my.sharepoint.com/:v:/g/personal/ealomar_stevens_edu/EXEWklrmamFOoJ4AZ2hmXu4Bxe-oWwuu-3U2nd6p6yTXzw?nav=eyJyZWZlcnJhbEluZm8iOnsicmVmZXJyYWxBcHAiOiJPbmVEcml2ZUZvckJ1c2luZXNzIiwicmVmZXJyYWxBcHBQbGF0Zm9ybSI6IldlYiIsInJlZmVycmFsTW9kZSI6InZpZXciLCJyZWZlcnJhbFZpZXciOiJNeUZpbGVzTGlua0NvcHkifX0&e=ZutgnP
class: CompositeFigureCreationTool,mouseDown,Type 1(b),Al model,Yes,Yes,https://stevens0-my.sharepoint.com/:v:/g/personal/ealomar_stevens_edu/EWzLjEV6JqtPocsn2-E_wTcBlC5nLfUXr_iS0nW0UIZpfg?nav=eyJyZWZlcnJhbEluZm8iOnsicmVmZXJyYWxBcHAiOiJPbmVEcml2ZUZvckJ1c2luZXNzIiwicmVmZXJyYWxBcHBQbGF0Zm9ybSI6IldlYiIsInJlZmVycmFsTW9kZSI6InZpZXciLCJyZWZlcnJhbFZpZXciOiJNeUZpbGVzTGlua0NvcHkifX0&e=FN2eG5,https://stevens0-my.sharepoint.com/:v:/g/personal/ealomar_stevens_edu/EbaPkqA_kcFBtd3oDQdjsNoBv9OUZgSCWB8LcQG0zoRNHw?nav=eyJyZWZlcnJhbEluZm8iOnsicmVmZXJyYWxBcHAiOiJPbmVEcml2ZUZvckJ1c2luZXNzIiwicmVmZXJyYWxBcHBQbGF0Zm9ybSI6IldlYiIsInJlZmVycmFsTW9kZSI6InZpZXciLCJyZWZlcnJhbFZpZXciOiJNeUZpbGVzTGlua0NvcHkifX0&e=IjRASd
class: ChopDiamondConnector,chop,Type 1(b),Al model,Yes,Yes,https://stevens0-my.sharepoint.com/:v:/g/personal/ealomar_stevens_edu/Efh6UKJfs9dFs4Gr6XZGq8UByXwoZcjRF5jubbdT9zYXyQ?nav=eyJyZWZlcnJhbEluZm8iOnsicmVmZXJyYWxBcHAiOiJPbmVEcml2ZUZvckJ1c2luZXNzIiwicmVmZXJyYWxBcHBQbGF0Zm9ybSI6IldlYiIsInJlZmVycmFsTW9kZSI6InZpZXciLCJyZWZlcnJhbFZpZXciOiJNeUZpbGVzTGlua0NvcHkifX0&e=r2Lr1z,https://stevens0-my.sharepoint.com/:v:/g/personal/ealomar_stevens_edu/EcVVuGXH735Pm84BQ1Hv3tcBj-8bLn9qwpuOQFTbhAGl4A?nav=eyJyZWZlcnJhbEluZm8iOnsicmVmZXJyYWxBcHAiOiJPbmVEcml2ZUZvckJ1c2luZXNzIiwicmVmZXJyYWxBcHBQbGF0Zm9ybSI6IldlYiIsInJlZmVycmFsTW9kZSI6InZpZXciLCJyZWZlcnJhbFZpZXciOiJNeUZpbGVzTGlua0NvcHkifX0&e=C1QyVE
class: MiniMapDesktop,createLeftComponent,Type 1(b),Al model,Yes,Yes,https://stevens0-my.sharepoint.com/:v:/g/personal/ealomar_stevens_edu/EVFybDb902RJlfE0km-ecG8BMYI8R3eZB_mCfYZSrIox5Q?nav=eyJyZWZlcnJhbEluZm8iOnsicmVmZXJyYWxBcHAiOiJPbmVEcml2ZUZvckJ1c2luZXNzIiwicmVmZXJyYWxBcHBQbGF0Zm9ybSI6IldlYiIsInJlZmVycmFsTW9kZSI6InZpZXciLCJyZWZlcnJhbFZpZXciOiJNeUZpbGVzTGlua0NvcHkifX0&e=m9M72N,https://stevens0-my.sharepoint.com/:v:/g/personal/ealomar_stevens_edu/EejFu9ozlCNCtuMyBeblZgkB3OnRkRC481-QCVY1uLe9SA?nav=eyJyZWZlcnJhbEluZm8iOnsicmVmZXJyYWxBcHAiOiJPbmVEcml2ZUZvckJ1c2luZXNzIiwicmVmZXJyYWxBcHBQbGF0Zm9ybSI6IldlYiIsInJlZmVycmFsTW9kZSI6InZpZXciLCJyZWZlcnJhbFZpZXciOiJNeUZpbGVzTGlua0NvcHkifX0&e=Ul5Qkf
class: Animator,run,Type 1(b),Al model,Yes,Yes,https://stevens0-my.sharepoint.com/:v:/g/personal/ealomar_stevens_edu/EdtloKfGK3BOkxvAqwRsUz0Bxs2pDoN0ILFtxybBLbVPhw?nav=eyJyZWZlcnJhbEluZm8iOnsicmVmZXJyYWxBcHAiOiJPbmVEcml2ZUZvckJ1c2luZXNzIiwicmVmZXJyYWxBcHBQbGF0Zm9ybSI6IldlYiIsInJlZmVycmFsTW9kZSI6InZpZXciLCJyZWZlcnJhbFZpZXciOiJNeUZpbGVzTGlua0NvcHkifX0&e=fz3AbW,https://stevens0-my.sharepoint.com/:v:/g/personal/ealomar_stevens_edu/ER8w-SEvlkxGmOwlBaMoJooBGowdrx0jFEelHNPVmZ0PXQ?nav=eyJyZWZlcnJhbEluZm8iOnsicmVmZXJyYWxBcHAiOiJPbmVEcml2ZUZvckJ1c2luZXNzIiwicmVmZXJyYWxBcHBQbGF0Zm9ybSI6IldlYiIsInJlZmVycmFsTW9kZSI6InZpZXciLCJyZWZlcnJhbFZpZXciOiJNeUZpbGVzTGlua0NvcHkifX0&e=MvtOj5
class: CTXWindowMenu,buildChildMenus,Type 1(c),Al model,No,Yes,buildChildMenus.mkv,https://stevens0-my.sharepoint.com/:v:/g/personal/ealomar_stevens_edu/EXChOZQc0GJLl1_QwznNyuIB50PayiaJJywsevvQdI86Mg?nav=eyJyZWZlcnJhbEluZm8iOnsicmVmZXJyYWxBcHAiOiJPbmVEcml2ZUZvckJ1c2luZXNzIiwicmVmZXJyYWxBcHBQbGF0Zm9ybSI6IldlYiIsInJlZmVycmFsTW9kZSI6InZpZXciLCJyZWZlcnJhbFZpZXciOiJNeUZpbGVzTGlua0NvcHkifX0&e=0geSep
class: ColorMap,colorIndex,Type 1(c),Al model,Yes,Yes,https://stevens0-my.sharepoint.com/:v:/g/personal/ealomar_stevens_edu/EUAwQE3PBpBPpc2LCGU2jF8BsottFJly263_gPwAJTVaaA?nav=eyJyZWZlcnJhbEluZm8iOnsicmVmZXJyYWxBcHAiOiJPbmVEcml2ZUZvckJ1c2luZXNzIiwicmVmZXJyYWxBcHBQbGF0Zm9ybSI6IldlYiIsInJlZmVycmFsTW9kZSI6InZpZXciLCJyZWZlcnJhbFZpZXciOiJNeUZpbGVzTGlua0NvcHkifX0&e=ogQspM,https://stevens0-my.sharepoint.com/:v:/g/personal/ealomar_stevens_edu/EcvcvSlFZWlEh5Na8JNUWm8BDXU2Cp0ltE9YHhtvWZupdQ?nav=eyJyZWZlcnJhbEluZm8iOnsicmVmZXJyYWxBcHAiOiJPbmVEcml2ZUZvckJ1c2luZXNzIiwicmVmZXJyYWxBcHBQbGF0Zm9ybSI6IldlYiIsInJlZmVycmFsTW9kZSI6InZpZXciLCJyZWZlcnJhbFZpZXciOiJNeUZpbGVzTGlua0NvcHkifX0&e=4uYMc6
class: BouncingDrawing,animationStep,Type 1(c),Al model,Yes,Yes,https://stevens0-my.sharepoint.com/:v:/g/personal/ealomar_stevens_edu/EUde6BN7v1NDuFgB7WIn7SMBaJ6OxT_NrX8caTEMvMT0HQ?nav=eyJyZWZlcnJhbEluZm8iOnsicmVmZXJyYWxBcHAiOiJPbmVEcml2ZUZvckJ1c2luZXNzIiwicmVmZXJyYWxBcHBQbGF0Zm9ybSI6IldlYiIsInJlZmVycmFsTW9kZSI6InZpZXciLCJyZWZlcnJhbFZpZXciOiJNeUZpbGVzTGlua0NvcHkifX0&e=CWQX3q,https://stevens0-my.sharepoint.com/:v:/g/personal/ealomar_stevens_edu/EdQfVvvsGadCkWREcRl19owBC_OVM8s16WKiM21imYhvdA?nav=eyJyZWZlcnJhbEluZm8iOnsicmVmZXJyYWxBcHAiOiJPbmVEcml2ZUZvckJ1c2luZXNzIiwicmVmZXJyYWxBcHBQbGF0Zm9ybSI6IldlYiIsInJlZmVycmFsTW9kZSI6InZpZXciLCJyZWZlcnJhbFZpZXciOiJNeUZpbGVzTGlua0NvcHkifX0&e=CpJwv2
class: PertDependency,handleConnect,Type 1(c),Al model,Yes,Yes,https://stevens0-my.sharepoint.com/:v:/g/personal/ealomar_stevens_edu/EZWpwms1M4RIiqViJ4J3OawBHU-1iHGS6mVYAtE2RAyy_Q?nav=eyJyZWZlcnJhbEluZm8iOnsicmVmZXJyYWxBcHAiOiJPbmVEcml2ZUZvckJ1c2luZXNzIiwicmVmZXJyYWxBcHBQbGF0Zm9ybSI6IldlYiIsInJlZmVycmFsTW9kZSI6InZpZXciLCJyZWZlcnJhbFZpZXciOiJNeUZpbGVzTGlua0NvcHkifX0&e=pQLEGr,https://stevens0-my.sharepoint.com/:v:/g/personal/ealomar_stevens_edu/ER-ciQBAX_tKsJyxgw8n64oBGy0ph8-EtUOTTnsRMhLldA?nav=eyJyZWZlcnJhbEluZm8iOnsicmVmZXJyYWxBcHAiOiJPbmVEcml2ZUZvckJ1c2luZXNzIiwicmVmZXJyYWxBcHBQbGF0Zm9ybSI6IldlYiIsInJlZmVycmFsTW9kZSI6InZpZXciLCJyZWZlcnJhbFZpZXciOiJNeUZpbGVzTGlua0NvcHkifX0&e=FVnNB2
class: AutoscrollHelper,getAutoscrollInsets,Type 2(a),Al model,No,Yes,https://stevens0-my.sharepoint.com/:v:/g/personal/ealomar_stevens_edu/EYzP7EqZt3pAhZIx7DDHubwBNXaAkTvYGsExnM5cnydLCw?nav=eyJyZWZlcnJhbEluZm8iOnsicmVmZXJyYWxBcHAiOiJPbmVEcml2ZUZvckJ1c2luZXNzIiwicmVmZXJyYWxBcHBQbGF0Zm9ybSI6IldlYiIsInJlZmVycmFsTW9kZSI6InZpZXciLCJyZWZlcnJhbFZpZXciOiJNeUZpbGVzTGlua0NvcHkifX0&e=qkQHFE,https://stevens0-my.sharepoint.com/:v:/g/personal/ealomar_stevens_edu/ETaWdSVRSolOmRnv96a1LWAB-LFRSyP0Cy_kCM7kEAocfw?nav=eyJyZWZlcnJhbEluZm8iOnsicmVmZXJyYWxBcHAiOiJPbmVEcml2ZUZvckJ1c2luZXNzIiwicmVmZXJyYWxBcHBQbGF0Zm9ybSI6IldlYiIsInJlZmVycmFsTW9kZSI6InZpZXciLCJyZWZlcnJhbFZpZXciOiJNeUZpbGVzTGlua0NvcHkifX0&e=q8dY7S
class: Geom ,direction,Type 2(a),Al model,No,Yes,https://stevens0-my.sharepoint.com/:v:/g/personal/ealomar_stevens_edu/EcS6bV8-fLhCnfiFTDTs-V0Bn9lvTUbADWjD7c0dvc7xuA?nav=eyJyZWZlcnJhbEluZm8iOnsicmVmZXJyYWxBcHAiOiJPbmVEcml2ZUZvckJ1c2luZXNzIiwicmVmZXJyYWxBcHBQbGF0Zm9ybSI6IldlYiIsInJlZmVycmFsTW9kZSI6InZpZXciLCJyZWZlcnJhbFZpZXciOiJNeUZpbGVzTGlua0NvcHkifX0&e=mhmUY1,https://stevens0-my.sharepoint.com/:v:/g/personal/ealomar_stevens_edu/EYxcAaJL8iFFmvPMrwbeaY8B8fbouENzajnubdFjY4cW2w?nav=eyJyZWZlcnJhbEluZm8iOnsicmVmZXJyYWxBcHAiOiJPbmVEcml2ZUZvckJ1c2luZXNzIiwicmVmZXJyYWxBcHBQbGF0Zm9ybSI6IldlYiIsInJlZmVycmFsTW9kZSI6InZpZXciLCJyZWZlcnJhbFZpZXciOiJNeUZpbGVzTGlua0NvcHkifX0&e=UGYbCq
class: JHDDropTargetListener,dragOver,Type 2(a),Al model,Yes,Yes,https://stevens0-my.sharepoint.com/:v:/g/personal/ealomar_stevens_edu/ERlTxsu8T1xOm6CBdAlzeQ0BnC0pOoY5uF6CLGefpw9yMg?nav=eyJyZWZlcnJhbEluZm8iOnsicmVmZXJyYWxBcHAiOiJPbmVEcml2ZUZvckJ1c2luZXNzIiwicmVmZXJyYWxBcHBQbGF0Zm9ybSI6IldlYiIsInJlZmVycmFsTW9kZSI6InZpZXciLCJyZWZlcnJhbFZpZXciOiJNeUZpbGVzTGlua0NvcHkifX0&e=Nu920p,https://stevens0-my.sharepoint.com/:v:/g/personal/ealomar_stevens_edu/EWiGFz9biJ1MgaE-fc4LNCoBe4HCgtXhBCR3I1caqcTnTw?nav=eyJyZWZlcnJhbEluZm8iOnsicmVmZXJyYWxBcHAiOiJPbmVEcml2ZUZvckJ1c2luZXNzIiwicmVmZXJyYWxBcHBQbGF0Zm9ybSI6IldlYiIsInJlZmVycmFsTW9kZSI6InZpZXciLCJyZWZlcnJhbFZpZXciOiJNeUZpbGVzTGlua0NvcHkifX0&e=adXN57
class: StandardLayouter,layout,Type 2(a),Al model,Yes,Yes,https://stevens0-my.sharepoint.com/:v:/g/personal/ealomar_stevens_edu/EZRpMrpYUQZOsiltxrZp3m8BuvALOi2GtY7QeeGkOwhE1g?nav=eyJyZWZlcnJhbEluZm8iOnsicmVmZXJyYWxBcHAiOiJPbmVEcml2ZUZvckJ1c2luZXNzIiwicmVmZXJyYWxBcHBQbGF0Zm9ybSI6IldlYiIsInJlZmVycmFsTW9kZSI6InZpZXciLCJyZWZlcnJhbFZpZXciOiJNeUZpbGVzTGlua0NvcHkifX0&e=5gaZZW,https://stevens0-my.sharepoint.com/:v:/g/personal/ealomar_stevens_edu/EdCgFy1XdWdLkIEyk_-tkLgBOv_RXpdnreNq2XHyG-UF_w?nav=eyJyZWZlcnJhbEluZm8iOnsicmVmZXJyYWxBcHAiOiJPbmVEcml2ZUZvckJ1c2luZXNzIiwicmVmZXJyYWxBcHBQbGF0Zm9ybSI6IldlYiIsInJlZmVycmFsTW9kZSI6InZpZXciLCJyZWZlcnJhbFZpZXciOiJNeUZpbGVzTGlua0NvcHkifX0&e=2WByeK
class: LineConnection,basicMoveBy,Type 2(b),Al model,No,Yes,https://stevens0-my.sharepoint.com/:v:/g/personal/ealomar_stevens_edu/EfNZSTDNs_RDsSbRXmRhOawBx5Rt-iiit5Wi6MpVJhBIHA?nav=eyJyZWZlcnJhbEluZm8iOnsicmVmZXJyYWxBcHAiOiJPbmVEcml2ZUZvckJ1c2luZXNzIiwicmVmZXJyYWxBcHBQbGF0Zm9ybSI6IldlYiIsInJlZmVycmFsTW9kZSI6InZpZXciLCJyZWZlcnJhbFZpZXciOiJNeUZpbGVzTGlua0NvcHkifX0&e=fUUvBt,https://stevens0-my.sharepoint.com/:v:/g/personal/ealomar_stevens_edu/EbMFsz7GW35KlIQ_bGwGWJsBoAQYkZQc2n-rWh1x7Fot7g?nav=eyJyZWZlcnJhbEluZm8iOnsicmVmZXJyYWxBcHAiOiJPbmVEcml2ZUZvckJ1c2luZXNzIiwicmVmZXJyYWxBcHBQbGF0Zm9ybSI6IldlYiIsInJlZmVycmFsTW9kZSI6InZpZXciLCJyZWZlcnJhbFZpZXciOiJNeUZpbGVzTGlua0NvcHkifX0&e=im0SCP
class: Triangle Figure,rotate,Type 2(b),Al model,Yes,Yes,https://stevens0-my.sharepoint.com/:v:/g/personal/ealomar_stevens_edu/EZiNfplPn91NpySqatvzsgsBCT4thLuO3SHXRlTJ3d0N9g?nav=eyJyZWZlcnJhbEluZm8iOnsicmVmZXJyYWxBcHAiOiJPbmVEcml2ZUZvckJ1c2luZXNzIiwicmVmZXJyYWxBcHBQbGF0Zm9ybSI6IldlYiIsInJlZmVycmFsTW9kZSI6InZpZXciLCJyZWZlcnJhbFZpZXciOiJNeUZpbGVzTGlua0NvcHkifX0&e=SadCnz,https://stevens0-my.sharepoint.com/:v:/g/personal/ealomar_stevens_edu/ES9oJxueJz9LggS3oqR7rAABa5W1Rru_bt7ZEre1662M_Q?nav=eyJyZWZlcnJhbEluZm8iOnsicmVmZXJyYWxBcHAiOiJPbmVEcml2ZUZvckJ1c2luZXNzIiwicmVmZXJyYWxBcHBQbGF0Zm9ybSI6IldlYiIsInJlZmVycmFsTW9kZSI6InZpZXciLCJyZWZlcnJhbFZpZXciOiJNeUZpbGVzTGlua0NvcHkifX0&e=ak7FgF
class: SplitPaneDesktop,removeFromDesktop,Type 2(b),Al model,No,Yes,https://stevens0-my.sharepoint.com/:v:/g/personal/ealomar_stevens_edu/Efy1qg-EWkpHp3FEAyPN67QBpnwWJg8qgy88tuK5P5Y6-Q?nav=eyJyZWZlcnJhbEluZm8iOnsicmVmZXJyYWxBcHAiOiJPbmVEcml2ZUZvckJ1c2luZXNzIiwicmVmZXJyYWxBcHBQbGF0Zm9ybSI6IldlYiIsInJlZmVycmFsTW9kZSI6InZpZXciLCJyZWZlcnJhbFZpZXciOiJNeUZpbGVzTGlua0NvcHkifX0&e=cQcrRc,https://stevens0-my.sharepoint.com/:v:/g/personal/ealomar_stevens_edu/EXmkRbsxToRBkH1WmEn1OKwBUIQRzd26RnovOOszKAiqmQ?nav=eyJyZWZlcnJhbEluZm8iOnsicmVmZXJyYWxBcHAiOiJPbmVEcml2ZUZvckJ1c2luZXNzIiwicmVmZXJyYWxBcHBQbGF0Zm9ybSI6IldlYiIsInJlZmVycmFsTW9kZSI6InZpZXciLCJyZWZlcnJhbFZpZXciOiJNeUZpbGVzTGlua0NvcHkifX0&e=3Jl7f1
class: Helper,getDrawingView,Type 2(b),Al model,No,Yes,https://stevens0-my.sharepoint.com/:v:/g/personal/ealomar_stevens_edu/EaV30ya2ho5Np3JMKC6uy_IBNQ8sZ4queW5qgor1eouC1A?nav=eyJyZWZlcnJhbEluZm8iOnsicmVmZXJyYWxBcHAiOiJPbmVEcml2ZUZvckJ1c2luZXNzIiwicmVmZXJyYWxBcHBQbGF0Zm9ybSI6IldlYiIsInJlZmVycmFsTW9kZSI6InZpZXciLCJyZWZlcnJhbFZpZXciOiJNeUZpbGVzTGlua0NvcHkifX0&e=jWeWrI,https://stevens0-my.sharepoint.com/:v:/g/personal/ealomar_stevens_edu/EZ_Z1O_5fJJOtwn-zaQbe34BwF8W67HRd6ZrTH4WKGVXZQ?nav=eyJyZWZlcnJhbEluZm8iOnsicmVmZXJyYWxBcHAiOiJPbmVEcml2ZUZvckJ1c2luZXNzIiwicmVmZXJyYWxBcHBQbGF0Zm9ybSI6IldlYiIsInJlZmVycmFsTW9kZSI6InZpZXciLCJyZWZlcnJhbFZpZXciOiJNeUZpbGVzTGlua0NvcHkifX0&e=FXLOdX
class: PolygonFigure,splitSegment,Type 2(c),Al model,Yes,Yes,https://stevens0-my.sharepoint.com/:v:/g/personal/ealomar_stevens_edu/EYEhDeAb_D5FqCFxle7n3qIBLoEjRKunUru2M23pxjRCjA?nav=eyJyZWZlcnJhbEluZm8iOnsicmVmZXJyYWxBcHAiOiJPbmVEcml2ZUZvckJ1c2luZXNzIiwicmVmZXJyYWxBcHBQbGF0Zm9ybSI6IldlYiIsInJlZmVycmFsTW9kZSI6InZpZXciLCJyZWZlcnJhbFZpZXciOiJNeUZpbGVzTGlua0NvcHkifX0&e=6N6MLB,https://stevens0-my.sharepoint.com/:v:/g/personal/ealomar_stevens_edu/EWjuOlTon_lDpBK8BAEWlBwBM7SNtiwD2uZJnKScWNCKNg?nav=eyJyZWZlcnJhbEluZm8iOnsicmVmZXJyYWxBcHAiOiJPbmVEcml2ZUZvckJ1c2luZXNzIiwicmVmZXJyYWxBcHBQbGF0Zm9ybSI6IldlYiIsInJlZmVycmFsTW9kZSI6InZpZXciLCJyZWZlcnJhbFZpZXciOiJNeUZpbGVzTGlua0NvcHkifX0&e=hvPuuJ
class: PatternPainter,drawPattern,Type 2(c),Al model,No,Yes,https://stevens0-my.sharepoint.com/:v:/g/personal/ealomar_stevens_edu/EZkDQnLP11hNubHn9w-CqygBgSFKv2tLZ5_rFmclVq-nMA?nav=eyJyZWZlcnJhbEluZm8iOnsicmVmZXJyYWxBcHAiOiJPbmVEcml2ZUZvckJ1c2luZXNzIiwicmVmZXJyYWxBcHBQbGF0Zm9ybSI6IldlYiIsInJlZmVycmFsTW9kZSI6InZpZXciLCJyZWZlcnJhbFZpZXciOiJNeUZpbGVzTGlua0NvcHkifX0&e=nWQZ1X,https://stevens0-my.sharepoint.com/:v:/g/personal/ealomar_stevens_edu/EfRK5TFmks5Kiq1MJ8zg4i4B61_LWNHWsF2Ov_KYm0cQ0Q?nav=eyJyZWZlcnJhbEluZm8iOnsicmVmZXJyYWxBcHAiOiJPbmVEcml2ZUZvckJ1c2luZXNzIiwicmVmZXJyYWxBcHBQbGF0Zm9ybSI6IldlYiIsInJlZmVycmFsTW9kZSI6InZpZXciLCJyZWZlcnJhbFZpZXciOiJNeUZpbGVzTGlua0NvcHkifX0&e=Pt8QUh
class: EllipseFigure,connectionInsets,Type 2(c),Al model,Yes,Yes,https://stevens0-my.sharepoint.com/:v:/g/personal/ealomar_stevens_edu/EYx07XqxBuJLtK3qA3FXcVQBJqfUxMLeb2NGUiQPjCwsww?nav=eyJyZWZlcnJhbEluZm8iOnsicmVmZXJyYWxBcHAiOiJPbmVEcml2ZUZvckJ1c2luZXNzIiwicmVmZXJyYWxBcHBQbGF0Zm9ybSI6IldlYiIsInJlZmVycmFsTW9kZSI6InZpZXciLCJyZWZlcnJhbFZpZXciOiJNeUZpbGVzTGlua0NvcHkifX0&e=At2Dpw,https://stevens0-my.sharepoint.com/:v:/g/personal/ealomar_stevens_edu/EeFJ7POEcj9GlxOSsrE6soIBZiqBMJ9-CdeuVcZdc2vedg?nav=eyJyZWZlcnJhbEluZm8iOnsicmVmZXJyYWxBcHAiOiJPbmVEcml2ZUZvckJ1c2luZXNzIiwicmVmZXJyYWxBcHBQbGF0Zm9ybSI6IldlYiIsInJlZmVycmFsTW9kZSI6InZpZXciLCJyZWZlcnJhbFZpZXciOiJNeUZpbGVzTGlua0NvcHkifX0&e=c7R7e0
class: PolyLineConnector,chop,Type 2(c),Al model,No,Yes,https://stevens0-my.sharepoint.com/:v:/g/personal/ealomar_stevens_edu/EbgU4KNszV5OiicF1jbd7ZIBeDT1CzrhCQySW-aBKqt4Zw?nav=eyJyZWZlcnJhbEluZm8iOnsicmVmZXJyYWxBcHAiOiJPbmVEcml2ZUZvckJ1c2luZXNzIiwicmVmZXJyYWxBcHBQbGF0Zm9ybSI6IldlYiIsInJlZmVycmFsTW9kZSI6InZpZXciLCJyZWZlcnJhbFZpZXciOiJNeUZpbGVzTGlua0NvcHkifX0&e=d57YzB,https://stevens0-my.sharepoint.com/:v:/g/personal/ealomar_stevens_edu/EZS2jy73cvBEpiWJW2iFJUYBAhzNKKzo5unv8tHrb7Hlyw?nav=eyJyZWZlcnJhbEluZm8iOnsicmVmZXJyYWxBcHAiOiJPbmVEcml2ZUZvckJ1c2luZXNzIiwicmVmZXJyYWxBcHBQbGF0Zm9ybSI6IldlYiIsInJlZmVycmFsTW9kZSI6InZpZXciLCJyZWZlcnJhbFZpZXciOiJNeUZpbGVzTGlua0NvcHkifX0&e=chpnZ6
class: Geom ,range,Type 2(d),Al model,No,Yes,https://stevens0-my.sharepoint.com/:v:/g/personal/ealomar_stevens_edu/EYmyMhyqNIJJmzcXqn-1JfABmYu6IxKObwjXg4GqwDv6Cg?nav=eyJyZWZlcnJhbEluZm8iOnsicmVmZXJyYWxBcHAiOiJPbmVEcml2ZUZvckJ1c2luZXNzIiwicmVmZXJyYWxBcHBQbGF0Zm9ybSI6IldlYiIsInJlZmVycmFsTW9kZSI6InZpZXciLCJyZWZlcnJhbFZpZXciOiJNeUZpbGVzTGlua0NvcHkifX0&e=dpV7Kf,https://stevens0-my.sharepoint.com/:v:/g/personal/ealomar_stevens_edu/EWvMGyNiShRNoR7jOITeEsgBe0E9RxcIkO6JBCmk74lfvw?nav=eyJyZWZlcnJhbEluZm8iOnsicmVmZXJyYWxBcHAiOiJPbmVEcml2ZUZvckJ1c2luZXNzIiwicmVmZXJyYWxBcHBQbGF0Zm9ybSI6IldlYiIsInJlZmVycmFsTW9kZSI6InZpZXciLCJyZWZlcnJhbFZpZXciOiJNeUZpbGVzTGlua0NvcHkifX0&e=FRqlAu
class: PalleteLayout,layoutContainer,Type 2(d),Al model,Yes,No,https://stevens0-my.sharepoint.com/:v:/g/personal/ealomar_stevens_edu/EW0jBqYQwctKswsS3LN7b3QBs_EMUB4LCUBMskILiLMC7w?nav=eyJyZWZlcnJhbEluZm8iOnsicmVmZXJyYWxBcHAiOiJPbmVEcml2ZUZvckJ1c2luZXNzIiwicmVmZXJyYWxBcHBQbGF0Zm9ybSI6IldlYiIsInJlZmVycmFsTW9kZSI6InZpZXciLCJyZWZlcnJhbFZpZXciOiJNeUZpbGVzTGlua0NvcHkifX0&e=QeWkQO,https://stevens0-my.sharepoint.com/:v:/g/personal/ealomar_stevens_edu/EYDhyM7hRPNIhE-9304zmPABO1Y32154oBnZnLtm4rJ33g?nav=eyJyZWZlcnJhbEluZm8iOnsicmVmZXJyYWxBcHAiOiJPbmVEcml2ZUZvckJ1c2luZXNzIiwicmVmZXJyYWxBcHBQbGF0Zm9ybSI6IldlYiIsInJlZmVycmFsTW9kZSI6InZpZXciLCJyZWZlcnJhbFZpZXciOiJNeUZpbGVzTGlua0NvcHkifX0&e=Px7j4u
class: GraphLayout,update,Type 2(d),Al model,Yes,No,https://stevens0-my.sharepoint.com/:v:/g/personal/ealomar_stevens_edu/EeWPuNlcDRhHrbiIWitOetsB6WqQuMxxvPZU-JZAtrJH-A?nav=eyJyZWZlcnJhbEluZm8iOnsicmVmZXJyYWxBcHAiOiJPbmVEcml2ZUZvckJ1c2luZXNzIiwicmVmZXJyYWxBcHBQbGF0Zm9ybSI6IldlYiIsInJlZmVycmFsTW9kZSI6InZpZXciLCJyZWZlcnJhbFZpZXciOiJNeUZpbGVzTGlua0NvcHkifX0&e=0HpiKB,https://stevens0-my.sharepoint.com/:v:/g/personal/ealomar_stevens_edu/EU8Z8ijG39ZDtgHMMCmf2kcBmhRxqavS4JisVJPAtMbByw?nav=eyJyZWZlcnJhbEluZm8iOnsicmVmZXJyYWxBcHAiOiJPbmVEcml2ZUZvckJ1c2luZXNzIiwicmVmZXJyYWxBcHBQbGF0Zm9ybSI6IldlYiIsInJlZmVycmFsTW9kZSI6InZpZXciLCJyZWZlcnJhbFZpZXciOiJNeUZpbGVzTGlua0NvcHkifX0&e=CxzsZv
class: PeripherallLocator,locate,Type 2(d),Al model,Yes,No,https://stevens0-my.sharepoint.com/:v:/g/personal/ealomar_stevens_edu/EQzeh3GmY4FCpVSx65WkmJsB9bkTjyZwOo2_gJv4Goq9bQ?nav=eyJyZWZlcnJhbEluZm8iOnsicmVmZXJyYWxBcHAiOiJPbmVEcml2ZUZvckJ1c2luZXNzIiwicmVmZXJyYWxBcHBQbGF0Zm9ybSI6IldlYiIsInJlZmVycmFsTW9kZSI6InZpZXciLCJyZWZlcnJhbFZpZXciOiJNeUZpbGVzTGlua0NvcHkifX0&e=QuQcZz,https://stevens0-my.sharepoint.com/:v:/g/personal/ealomar_stevens_edu/ER826-we1RBJqijuGJ1GMb0BH8IkiDxCa5n4nzrf07fHbw?nav=eyJyZWZlcnJhbEluZm8iOnsicmVmZXJyYWxBcHAiOiJPbmVEcml2ZUZvckJ1c2luZXNzIiwicmVmZXJyYWxBcHBQbGF0Zm9ybSI6IldlYiIsInJlZmVycmFsTW9kZSI6InZpZXciLCJyZWZlcnJhbFZpZXciOiJNeUZpbGVzTGlua0NvcHkifX0&e=eLedkB
