Class,Clone type,Settings,Original method name,Code2Vec name ,Jaccard similarity (between original and code2vec),Match,Link
class: DrawApplet,Type 1(a),Al model,createAttributeChoices,add_to2,0.00%,FALSE,https://tilores.io/jaccard-similarity-coefficient-algorithm-online-tool?t1=createAttributeChoices&t2=add_to2
,,,,addTo2,0.00%,FALSE,https://tilores.io/jaccard-similarity-coefficient-algorithm-online-tool?t1=createAttributeChoices&t2=addTo2
,,,,add_to,0.00%,FALSE,https://tilores.io/jaccard-similarity-coefficient-algorithm-online-tool?t1=createAttributeChoices&t2=add_to
,,,,get_combo_box,0.00%,FALSE,https://tilores.io/jaccard-similarity-coefficient-algorithm-online-tool?t1=createAttributeChoices&t2=get_combo_box
,,,,j_combo_box_action_performed,0.00%,FALSE,https://tilores.io/jaccard-similarity-coefficient-algorithm-online-tool?t1=createAttributeChoices&t2=j_combo_box_action_performed
,,,,set_content_panel,3.00%,FALSE,https://tilores.io/jaccard-similarity-coefficient-algorithm-online-tool?t1=createAttributeChoices&t2=set_content_panel
,,,,parse_index,0.00%,FALSE,https://tilores.io/jaccard-similarity-coefficient-algorithm-online-tool?t1=createAttributeChoices&t2=parse_index
,,,,update_gui,7.40%,FALSE,https://tilores.io/jaccard-similarity-coefficient-algorithm-online-tool?t1=createAttributeChoices&t2=update_gui
,,,,,,,
,,,,,,,
Class: FigureAttributeConstant,Type 1(a),Al model,addConstant,set_constant,40.00%,FALSE,https://tilores.io/jaccard-similarity-coefficient-algorithm-online-tool?t1=addConstant&t2=set_constant
,,,,setConstant,53.80%,FALSE,https://tilores.io/jaccard-similarity-coefficient-algorithm-online-tool?t1=addConstant&t2=setConstant
,,,,set_default,0.00%,FALSE,https://tilores.io/jaccard-similarity-coefficient-algorithm-online-tool?t1=addConstant&t2=set_default
,,,,add,20.00%,FALSE,https://tilores.io/jaccard-similarity-coefficient-algorithm-online-tool?t1=addConstant&t2=add
,,,,set_parent,5.60%,FALSE,https://tilores.io/jaccard-similarity-coefficient-algorithm-online-tool?t1=addConstant&t2=set_parent
,,,,set_variable,0.00%,FALSE,https://tilores.io/jaccard-similarity-coefficient-algorithm-online-tool?t1=addConstant&t2=set_variable
,,,,set_permission,4.50%,FALSE,https://tilores.io/jaccard-similarity-coefficient-algorithm-online-tool?t1=addConstant&t2=set_permission
,,,,set,0.00%,FALSE,https://tilores.io/jaccard-similarity-coefficient-algorithm-online-tool?t1=addConstant&t2=set
,,,,get_data_value,4.50%,FALSE,https://tilores.io/jaccard-similarity-coefficient-algorithm-online-tool?t1=addConstant&t2=get_data_value
,,,,set_checked,0.00%,FALSE,https://tilores.io/jaccard-similarity-coefficient-algorithm-online-tool?t1=addConstant&t2=set_checked
,,,,set_action,5.60%,FALSE,https://tilores.io/jaccard-similarity-coefficient-algorithm-online-tool?t1=addConstant&t2=set_action
,,,,,,,
,,,,,,,
class: DrawApplet,Type 1(a),Manual hueristics,init,init1,75.00%,FALSE,https://tilores.io/jaccard-similarity-coefficient-algorithm-online-tool?t1=init&t2=init1
,,,,init_ui,50.00%,FALSE,https://tilores.io/jaccard-similarity-coefficient-algorithm-online-tool?t1=init&t2=init_ui
,,,,start,0.00%,FALSE,https://tilores.io/jaccard-similarity-coefficient-algorithm-online-tool?t1=init&t2=start
,,,,init,100.00%,TRUE,https://tilores.io/jaccard-similarity-coefficient-algorithm-online-tool?t1=init&t2=init
,,,,run,0.00%,FALSE,https://tilores.io/jaccard-similarity-coefficient-algorithm-online-tool?t1=init&t2=run
,,,,initialize,33.30%,FALSE,https://tilores.io/jaccard-similarity-coefficient-algorithm-online-tool?t1=init&t2=initialize
,,,,create_components,0.00%,FALSE,https://tilores.io/jaccard-similarity-coefficient-algorithm-online-tool?t1=init&t2=create_components
,,,,set_up,0.00%,FALSE,https://tilores.io/jaccard-similarity-coefficient-algorithm-online-tool?t1=init&t2=set_up
,,,,init_components,21.40%,FALSE,https://tilores.io/jaccard-similarity-coefficient-algorithm-online-tool?t1=init&t2=init_components
,,,,create_ui,0.00%,FALSE,https://tilores.io/jaccard-similarity-coefficient-algorithm-online-tool?t1=init&t2=create_ui
,,,,add_components,0.00%,FALSE,https://tilores.io/jaccard-similarity-coefficient-algorithm-online-tool?t1=init&t2=add_components
,,,,,,,
class: NothingApplet ,Type 1(a),Manual hueristics,createTools,set_images,0.00%,FALSE,https://tilores.io/jaccard-similarity-coefficient-algorithm-online-tool?t1=createTools&t2=set_images
,,,,setImages,0.00%,FALSE,https://tilores.io/jaccard-similarity-coefficient-algorithm-online-tool?t1=createTools&t2=setImages
,,,,create_images,29.40%,FALSE,https://tilores.io/jaccard-similarity-coefficient-algorithm-online-tool?t1=createTools&t2=create_images
,,,,update_images,10.00%,FALSE,https://tilores.io/jaccard-similarity-coefficient-algorithm-online-tool?t1=createTools&t2=update_images
,,,,get_all_images,0.00%,FALSE,https://tilores.io/jaccard-similarity-coefficient-algorithm-online-tool?t1=createTools&t2=get_all_images
,,,,add_picture,5.30%,FALSE,https://tilores.io/jaccard-similarity-coefficient-algorithm-online-tool?t1=createTools&t2=add_picture
,,,,create_header_panel,22.70%,FALSE,https://tilores.io/jaccard-similarity-coefficient-algorithm-online-tool?t1=createTools&t2=create_header_panel
,,,,get_cell_name,0.00%,FALSE,https://tilores.io/jaccard-similarity-coefficient-algorithm-online-tool?t1=createTools&t2=get_cell_name
,,,,create_item,35.70%,FALSE,https://tilores.io/jaccard-similarity-coefficient-algorithm-online-tool?t1=createTools&t2=create_item
,,,,make_actions,0.00%,FALSE,https://tilores.io/jaccard-similarity-coefficient-algorithm-online-tool?t1=createTools&t2=make_actions
,,,,create_tool_bar,41.20%,FALSE,https://tilores.io/jaccard-similarity-coefficient-algorithm-online-tool?t1=createTools&t2=create_tool_bar
,,,,,,,
class: CompositeFigureCreationTool,Type 1(b),Al model,mouseDown,create_figure,0.00%,FALSE,https://tilores.io/jaccard-similarity-coefficient-algorithm-online-tool?t1=mouseDown&t2=create_figure
,,,,createFigure,0.00%,FALSE,https://tilores.io/jaccard-similarity-coefficient-algorithm-online-tool?t1=mouseDown&t2=createFigure
,,,,get_connection_figure,0.00%,FALSE,https://tilores.io/jaccard-similarity-coefficient-algorithm-online-tool?t1=mouseDown&t2=get_connection_figure
,,,,set_focus,14.30%,FALSE,https://tilores.io/jaccard-similarity-coefficient-algorithm-online-tool?t1=mouseDown&t2=set_focus
,,,,case_item,6.70%,FALSE,https://tilores.io/jaccard-similarity-coefficient-algorithm-online-tool?t1=mouseDown&t2=case_item
,,,,is_type,0.00%,FALSE,https://tilores.io/jaccard-similarity-coefficient-algorithm-online-tool?t1=mouseDown&t2=is_type
,,,,on_websocket_close,4.20%,FALSE,https://tilores.io/jaccard-similarity-coefficient-algorithm-online-tool?t1=mouseDown&t2=on_websocket_close
,,,,draw_line,0.00%,FALSE,https://tilores.io/jaccard-similarity-coefficient-algorithm-online-tool?t1=mouseDown&t2=draw_line
,,,,get_background,5.00%,FALSE,https://tilores.io/jaccard-similarity-coefficient-algorithm-online-tool?t1=mouseDown&t2=get_background
,,,,ret,0.00%,FALSE,https://tilores.io/jaccard-similarity-coefficient-algorithm-online-tool?t1=mouseDown&t2=ret
,,,,retrieve_context,0.00%,FALSE,https://tilores.io/jaccard-similarity-coefficient-algorithm-online-tool?t1=mouseDown&t2=retrieve_context
,,,,,,,
,,,,,,,
class: ChopDiamondConnector,Type 1(b),Al model,chop,find_intersection,0.00%,FALSE,https://tilores.io/jaccard-similarity-coefficient-algorithm-online-tool?t1=chop&t2=find_intersection
,,,,findIntersection,0.00%,FALSE,https://tilores.io/jaccard-similarity-coefficient-algorithm-online-tool?t1=chop&t2=findIntersection
,,,,get_angle,0.00%,FALSE,https://tilores.io/jaccard-similarity-coefficient-algorithm-online-tool?t1=chop&t2=get_angle
,,,,diff,0.00%,FALSE,https://tilores.io/jaccard-similarity-coefficient-algorithm-online-tool?t1=chop&t2=diff
,,,,angle_between,0.00%,FALSE,https://tilores.io/jaccard-similarity-coefficient-algorithm-online-tool?t1=chop&t2=angle_between
,,,,substract,0.00%,FALSE,https://tilores.io/jaccard-similarity-coefficient-algorithm-online-tool?t1=chop&t2=substract
,,,,closest_point,0.00%,FALSE,https://tilores.io/jaccard-similarity-coefficient-algorithm-online-tool?t1=chop&t2=closest_point
,,,,drag,0.00%,FALSE,https://tilores.io/jaccard-similarity-coefficient-algorithm-online-tool?t1=chop&t2=drag
,,,,transfer,0.00%,FALSE,https://tilores.io/jaccard-similarity-coefficient-algorithm-online-tool?t1=chop&t2=transfer
,,,,set_selected,0.00%,FALSE,https://tilores.io/jaccard-similarity-coefficient-algorithm-online-tool?t1=chop&t2=set_selected
,,,,intersection,0.00%,FALSE,https://tilores.io/jaccard-similarity-coefficient-algorithm-online-tool?t1=chop&t2=intersection
,,,,,,,
class: MiniMapDesktop,Type 1(b),Manual hueristics,createLeftComponent,create_overlay,19.20%,FALSE,https://tilores.io/jaccard-similarity-coefficient-algorithm-online-tool?t1=createLeftComponent&t2=create_overlay
,,,,creeateOverlay,19.20%,FALSE,https://tilores.io/jaccard-similarity-coefficient-algorithm-online-tool?t1=createLeftComponent&t2=creeateOverlay
,,,,create_buffers,19.20%,FALSE,https://tilores.io/jaccard-similarity-coefficient-algorithm-online-tool?t1=createLeftComponent&t2=create_buffers
,,,,create_attribute,19.20%,FALSE,https://tilores.io/jaccard-similarity-coefficient-algorithm-online-tool?t1=createLeftComponent&t2=create_attribute
,,,,resize,4.50%,FALSE,https://tilores.io/jaccard-similarity-coefficient-algorithm-online-tool?t1=createLeftComponent&t2=resize
,,,,set_background,0.00%,FALSE,https://tilores.io/jaccard-similarity-coefficient-algorithm-online-tool?t1=createLeftComponent&t2=set_background
,,,,remove_overlay,3.60%,FALSE,https://tilores.io/jaccard-similarity-coefficient-algorithm-online-tool?t1=createLeftComponent&t2=remove_overlay
,,,,create_buffer,20.00%,FALSE,https://tilores.io/jaccard-similarity-coefficient-algorithm-online-tool?t1=createLeftComponent&t2=create_buffer
,,,,create_binary_frame,16.10%,FALSE,https://tilores.io/jaccard-similarity-coefficient-algorithm-online-tool?t1=createLeftComponent&t2=create_binary_frame
,,,,set_red,4.30%,FALSE,https://tilores.io/jaccard-similarity-coefficient-algorithm-online-tool?t1=createLeftComponent&t2=set_red
,,,,set_radius,0.00%,FALSE,https://tilores.io/jaccard-similarity-coefficient-algorithm-online-tool?t1=createLeftComponent&t2=set_radius
,,,,,,,
class: Animator,Type 1(b),Manual hueristics,run,pulse,0.00%,FALSE,https://tilores.io/jaccard-similarity-coefficient-algorithm-online-tool?t1=run&t2=pulse
,,,,fetch_documents,0.00%,FALSE,https://tilores.io/jaccard-similarity-coefficient-algorithm-online-tool?t1=run&t2=fetch_documents
,,,,read_from,0.00%,FALSE,https://tilores.io/jaccard-similarity-coefficient-algorithm-online-tool?t1=run&t2=read_from
,,,,collect_files,0.00%,FALSE,https://tilores.io/jaccard-similarity-coefficient-algorithm-online-tool?t1=run&t2=collect_files
,,,,get_histogram,0.00%,FALSE,https://tilores.io/jaccard-similarity-coefficient-algorithm-online-tool?t1=run&t2=get_histogram
,,,,populate_data,0.00%,FALSE,https://tilores.io/jaccard-similarity-coefficient-algorithm-online-tool?t1=run&t2=populate_data
,,,,set_repositories,0.00%,FALSE,https://tilores.io/jaccard-similarity-coefficient-algorithm-online-tool?t1=run&t2=set_repositories
,,,,test_histogram,0.00%,FALSE,https://tilores.io/jaccard-similarity-coefficient-algorithm-online-tool?t1=run&t2=test_histogram
,,,,post_runnable,16.70%,FALSE,https://tilores.io/jaccard-similarity-coefficient-algorithm-online-tool?t1=run&t2=post_runnable
,,,,internal_run,18.20%,FALSE,https://tilores.io/jaccard-similarity-coefficient-algorithm-online-tool?t1=run&t2=internal_run
,,,,,,,
,,,,,,,
class: CTXWindowMenu,Type 1(c),Al model,buildChildMenus,add_item,0.00%,FALSE,https://tilores.io/jaccard-similarity-coefficient-algorithm-online-tool?t1=buildChildMenus&t2=add_item
,,,,addItem,0.00%,FALSE,https://tilores.io/jaccard-similarity-coefficient-algorithm-online-tool?t1=buildChildMenus&t2=addItem
,,,,add_to,0.00%,FALSE,https://tilores.io/jaccard-similarity-coefficient-algorithm-online-tool?t1=buildChildMenus&t2=add_to
,,,,sign_in,0.00%,FALSE,https://tilores.io/jaccard-similarity-coefficient-algorithm-online-tool?t1=buildChildMenus&t2=sign_in
,,,,add_command,0.00%,FALSE,https://tilores.io/jaccard-similarity-coefficient-algorithm-online-tool?t1=buildChildMenus&t2=add_command
,,,,add_menu_item,9.10%,FALSE,https://tilores.io/jaccard-similarity-coefficient-algorithm-online-tool?t1=buildChildMenus&t2=add_menu_item
,,,,menu_selected,9.10%,FALSE,https://tilores.io/jaccard-similarity-coefficient-algorithm-online-tool?t1=buildChildMenus&t2=menu_selected
,,,,fire,0.00%,FALSE,https://tilores.io/jaccard-similarity-coefficient-algorithm-online-tool?t1=buildChildMenus&t2=fire
,,,,update_item,0.00%,FALSE,https://tilores.io/jaccard-similarity-coefficient-algorithm-online-tool?t1=buildChildMenus&t2=update_item
,,,,customize,5.30%,FALSE,https://tilores.io/jaccard-similarity-coefficient-algorithm-online-tool?t1=buildChildMenus&t2=customize
,,,,on_notification,0.00%,FALSE,https://tilores.io/jaccard-similarity-coefficient-algorithm-online-tool?t1=buildChildMenus&t2=on_notification
,,,,,,,
,,,,,,,
class: ColorMap,Type 1(c),Al model,colorIndex,get_color,30.80%,FALSE,https://tilores.io/jaccard-similarity-coefficient-algorithm-online-tool?t1=colorIndex&t2=get_color
,,,,add_entry,0.00%,FALSE,https://tilores.io/jaccard-similarity-coefficient-algorithm-online-tool?t1=colorIndex&t2=add_entry
,,,,compare,7.10%,FALSE,https://tilores.io/jaccard-similarity-coefficient-algorithm-online-tool?t1=colorIndex&t2=compare
,,,,get_color_value,21.10%,FALSE,https://tilores.io/jaccard-similarity-coefficient-algorithm-online-tool?t1=colorIndex&t2=get_color_value
,,,,update_value,0.00%,FALSE,https://tilores.io/jaccard-similarity-coefficient-algorithm-online-tool?t1=colorIndex&t2=update_value
,,,,put_color,30.80%,FALSE,https://tilores.io/jaccard-similarity-coefficient-algorithm-online-tool?t1=colorIndex&t2=put_color
,,,,forward,7.10%,FALSE,https://tilores.io/jaccard-similarity-coefficient-algorithm-online-tool?t1=colorIndex&t2=forward
,,,,find,9.10%,FALSE,https://tilores.io/jaccard-similarity-coefficient-algorithm-online-tool?t1=colorIndex&t2=find
,,,,get,0.00%,FALSE,https://tilores.io/jaccard-similarity-coefficient-algorithm-online-tool?t1=colorIndex&t2=get
,,,,get_index,21.40%,FALSE,https://tilores.io/jaccard-similarity-coefficient-algorithm-online-tool?t1=colorIndex&t2=get_index
,,,,,,,
,,,,,,,
class: BouncingDrawing,Type 1(c),Manual hueristics,animationStep,on_location_changed,21.70%,FALSE,https://tilores.io/jaccard-similarity-coefficient-algorithm-online-tool?t1=animationStep&t2=on_location_changed
,,,,onLocationChanged,22.70%,FALSE,https://tilores.io/jaccard-similarity-coefficient-algorithm-online-tool?t1=animationStep&t2=onLocationChanged
,,,,tick,7.10%,FALSE,https://tilores.io/jaccard-similarity-coefficient-algorithm-online-tool?t1=animationStep&t2=tick
,,,,set_labels,0.00%,FALSE,https://tilores.io/jaccard-similarity-coefficient-algorithm-online-tool?t1=animationStep&t2=set_labels
,,,,remove_figure,0.00%,FALSE,https://tilores.io/jaccard-similarity-coefficient-algorithm-online-tool?t1=animationStep&t2=remove_figure
,,,,remove_entity,4.30%,FALSE,https://tilores.io/jaccard-similarity-coefficient-algorithm-online-tool?t1=animationStep&t2=remove_entity
,,,,process_mouse_motion_event,9.40%,FALSE,https://tilores.io/jaccard-similarity-coefficient-algorithm-online-tool?t1=animationStep&t2=process_mouse_motion_event
,,,,update_position,23.80%,FALSE,https://tilores.io/jaccard-similarity-coefficient-algorithm-online-tool?t1=animationStep&t2=update_position
,,,,update_fonts,15.00%,FALSE,https://tilores.io/jaccard-similarity-coefficient-algorithm-online-tool?t1=animationStep&t2=update_fonts
,,,,do_unregister,4.30%,FALSE,https://tilores.io/jaccard-similarity-coefficient-algorithm-online-tool?t1=animationStep&t2=do_unregister
,,,,set_chart,0.00%,FALSE,https://tilores.io/jaccard-similarity-coefficient-algorithm-online-tool?t1=animationStep&t2=set_chart
,,,,,,,
class: PertDependency,Type 1(c),Manual hueristics,handleConnect,adopt,0.00%,FALSE,https://tilores.io/jaccard-similarity-coefficient-algorithm-online-tool?t1=handleConnect&t2=adopt
,,,,visit,0.00%,FALSE,https://tilores.io/jaccard-similarity-coefficient-algorithm-online-tool?t1=handleConnect&t2=visit
,,,,rotate,0.00%,FALSE,https://tilores.io/jaccard-similarity-coefficient-algorithm-online-tool?t1=handleConnect&t2=rotate
,,,,paint,0.00%,FALSE,https://tilores.io/jaccard-similarity-coefficient-algorithm-online-tool?t1=handleConnect&t2=paint
,,,,handle_result,26.30%,FALSE,https://tilores.io/jaccard-similarity-coefficient-algorithm-online-tool?t1=handleConnect&t2=handle_result
,,,,create_relation,4.30%,FALSE,https://tilores.io/jaccard-similarity-coefficient-algorithm-online-tool?t1=handleConnect&t2=create_relation
,,,,add_field,0.00%,FALSE,https://tilores.io/jaccard-similarity-coefficient-algorithm-online-tool?t1=handleConnect&t2=add_field
,,,,notify_start,0.00%,FALSE,https://tilores.io/jaccard-similarity-coefficient-algorithm-online-tool?t1=handleConnect&t2=notify_start
,,,,remove_figure,0.00%,FALSE,https://tilores.io/jaccard-similarity-coefficient-algorithm-online-tool?t1=handleConnect&t2=remove_figure
,,,,merge_attributes,0.00%,FALSE,https://tilores.io/jaccard-similarity-coefficient-algorithm-online-tool?t1=handleConnect&t2=merge_attributes
,,,,,,,
class: AutoscrollHelper,Type 2(a),Al model,getAutoscrollInsets,get_autoscroll_insets,56.50%,FALSE,https://tilores.io/jaccard-similarity-coefficient-algorithm-online-tool?t1=getAutoscrollInsets&t2=get_autoscroll_insets
,,,,getAutoscrollInsets,100.00%,TRUE,https://tilores.io/jaccard-similarity-coefficient-algorithm-online-tool?t1=getAutoscrollInsets&t2=getAutoscrollInsets
,,,,autoscroll,44.40%,FALSE,https://tilores.io/jaccard-similarity-coefficient-algorithm-online-tool?t1=getAutoscrollInsets&t2=autoscroll
,,,,represent_data,3.60%,FALSE,https://tilores.io/jaccard-similarity-coefficient-algorithm-online-tool?t1=getAutoscrollInsets&t2=represent_data
,,,,add_input_stream,3.20%,FALSE,https://tilores.io/jaccard-similarity-coefficient-algorithm-online-tool?t1=getAutoscrollInsets&t2=add_input_stream
,,,,prepare_queries,0.00%,FALSE,https://tilores.io/jaccard-similarity-coefficient-algorithm-online-tool?t1=getAutoscrollInsets&t2=prepare_queries
,,,,reconciled,0.00%,FALSE,https://tilores.io/jaccard-similarity-coefficient-algorithm-online-tool?t1=getAutoscrollInsets&t2=reconciled
,,,,update_tick,0.00%,FALSE,https://tilores.io/jaccard-similarity-coefficient-algorithm-online-tool?t1=getAutoscrollInsets&t2=update_tick
,,,,test_f,0.00%,FALSE,https://tilores.io/jaccard-similarity-coefficient-algorithm-online-tool?t1=getAutoscrollInsets&t2=test_f
,,,,transform_inverse,6.50%,FALSE,https://tilores.io/jaccard-similarity-coefficient-algorithm-online-tool?t1=getAutoscrollInsets&t2=transform_inverse
,,,,init_input,4.20%,FALSE,https://tilores.io/jaccard-similarity-coefficient-algorithm-online-tool?t1=getAutoscrollInsets&t2=init_input
,,,,,,,
,,,,,,,
class: Geom,Type 2(a),Al model,direction,scroll_to_visible,0.00%,FALSE,https://tilores.io/jaccard-similarity-coefficient-algorithm-online-tool?t1=direction&t2=scroll_to_visible
,,,,scrollToVisible,0.00%,FALSE,https://tilores.io/jaccard-similarity-coefficient-algorithm-online-tool?t1=direction&t2=scrollToVisible
,,,,turn,0.00%,FALSE,https://tilores.io/jaccard-similarity-coefficient-algorithm-online-tool?t1=direction&t2=turn
,,,,move,0.00%,FALSE,https://tilores.io/jaccard-similarity-coefficient-algorithm-online-tool?t1=direction&t2=move
,,,,jump,0.00%,FALSE,https://tilores.io/jaccard-similarity-coefficient-algorithm-online-tool?t1=direction&t2=jump
,,,,get_vertex,0.00%,FALSE,https://tilores.io/jaccard-similarity-coefficient-algorithm-online-tool?t1=direction&t2=get_vertex
,,,,contains,7.10%,FALSE,https://tilores.io/jaccard-similarity-coefficient-algorithm-online-tool?t1=direction&t2=contains
,,,,down,0.00%,FALSE,https://tilores.io/jaccard-similarity-coefficient-algorithm-online-tool?t1=direction&t2=down
,,,,find_dir,15.40%,FALSE,https://tilores.io/jaccard-similarity-coefficient-algorithm-online-tool?t1=direction&t2=find_dir
,,,,rot,0.00%,FALSE,https://tilores.io/jaccard-similarity-coefficient-algorithm-online-tool?t1=direction&t2=rot
,,,,is_bottom,0.00%,FALSE,https://tilores.io/jaccard-similarity-coefficient-algorithm-online-tool?t1=direction&t2=is_bottom
,,,,,,,
,,,,,,,
class: JHDDropTargetListener,Type 2(a),Manual hueristics,dragOver,drop_action_changed,4.20%,FALSE,https://tilores.io/jaccard-similarity-coefficient-algorithm-online-tool?t1=dragOver&t2=drop_action_changed
,,,,dropActionChanged,4.50%,FALSE,https://tilores.io/jaccard-similarity-coefficient-algorithm-online-tool?t1=dragOver&t2=dropActionChanged
,,,,drag_enter,33.30%,FALSE,https://tilores.io/jaccard-similarity-coefficient-algorithm-online-tool?t1=dragOver&t2=drag_enter
,,,,drag_over,50.00%,FALSE,https://tilores.io/jaccard-similarity-coefficient-algorithm-online-tool?t1=dragOver&t2=drag_over
,,,,update_children,5.00%,FALSE,https://tilores.io/jaccard-similarity-coefficient-algorithm-online-tool?t1=dragOver&t2=update_children
,,,,update_drag,21.40%,FALSE,https://tilores.io/jaccard-similarity-coefficient-algorithm-online-tool?t1=dragOver&t2=update_drag
,,,,is_drag_ok,23.10%,FALSE,https://tilores.io/jaccard-similarity-coefficient-algorithm-online-tool?t1=dragOver&t2=is_drag_ok
,,,,set_contact,0.00%,FALSE,https://tilores.io/jaccard-similarity-coefficient-algorithm-online-tool?t1=dragOver&t2=set_contact
,,,,is_equal,0.00%,FALSE,https://tilores.io/jaccard-similarity-coefficient-algorithm-online-tool?t1=dragOver&t2=is_equal
,,,,text_changed,0.00%,FALSE,https://tilores.io/jaccard-similarity-coefficient-algorithm-online-tool?t1=dragOver&t2=text_changed
,,,,update_row,0.00%,FALSE,https://tilores.io/jaccard-similarity-coefficient-algorithm-online-tool?t1=dragOver&t2=update_row
,,,,,,,
class: StandardLayouter,Type 2(a),Manual hueristics,layout,provide_shape,0.00%,FALSE,https://tilores.io/jaccard-similarity-coefficient-algorithm-online-tool?t1=layout&t2=provide_shape
,,,,provideShape,0.00%,FALSE,https://tilores.io/jaccard-similarity-coefficient-algorithm-online-tool?t1=layout&t2=provideShape
,,,,column_at_point,0.00%,FALSE,https://tilores.io/jaccard-similarity-coefficient-algorithm-online-tool?t1=layout&t2=column_at_point
,,,,get_popup_location,0.00%,FALSE,https://tilores.io/jaccard-similarity-coefficient-algorithm-online-tool?t1=layout&t2=get_popup_location
,,,,contains_point,0.00%,FALSE,https://tilores.io/jaccard-similarity-coefficient-algorithm-online-tool?t1=layout&t2=contains_point
,,,,get_initial_size,0.00%,FALSE,https://tilores.io/jaccard-similarity-coefficient-algorithm-online-tool?t1=layout&t2=get_initial_size
,,,,is_dark,0.00%,FALSE,https://tilores.io/jaccard-similarity-coefficient-algorithm-online-tool?t1=layout&t2=is_dark
,,,,hit_test,0.00%,FALSE,https://tilores.io/jaccard-similarity-coefficient-algorithm-online-tool?t1=layout&t2=hit_test
,,,,is_over_selection,0.00%,FALSE,https://tilores.io/jaccard-similarity-coefficient-algorithm-online-tool?t1=layout&t2=is_over_selection
,,,,can_dock,0.00%,FALSE,https://tilores.io/jaccard-similarity-coefficient-algorithm-online-tool?t1=layout&t2=can_dock
,,,,mouse_event,7.10%,FALSE,https://tilores.io/jaccard-similarity-coefficient-algorithm-online-tool?t1=layout&t2=mouse_event
,,,,,,,
,,,,,,,
class: LineConnection,Type 2(b),Al model,basicMoveBy,compare,0.00%,FALSE,https://tilores.io/jaccard-similarity-coefficient-algorithm-online-tool?t1=basicMoveBy&t2=compare
,,,,translate,0.00%,FALSE,https://tilores.io/jaccard-similarity-coefficient-algorithm-online-tool?t1=basicMoveBy&t2=translate
,,,,distance_sq,0.00%,FALSE,https://tilores.io/jaccard-similarity-coefficient-algorithm-online-tool?t1=basicMoveBy&t2=distance_sq
,,,,consistent,5.60%,FALSE,https://tilores.io/jaccard-similarity-coefficient-algorithm-online-tool?t1=basicMoveBy&t2=consistent
,,,,distance_squared,0.00%,FALSE,https://tilores.io/jaccard-similarity-coefficient-algorithm-online-tool?t1=basicMoveBy&t2=distance_squared
,,,,mouse_dragged,0.00%,FALSE,https://tilores.io/jaccard-similarity-coefficient-algorithm-online-tool?t1=basicMoveBy&t2=mouse_dragged
,,,,heuristic,5.90%,FALSE,https://tilores.io/jaccard-similarity-coefficient-algorithm-online-tool?t1=basicMoveBy&t2=heuristic
,,,,add_entries,0.00%,FALSE,https://tilores.io/jaccard-similarity-coefficient-algorithm-online-tool?t1=basicMoveBy&t2=add_entries
,,,,adjacent,0.00%,FALSE,https://tilores.io/jaccard-similarity-coefficient-algorithm-online-tool?t1=basicMoveBy&t2=adjacent
,,,,,,,
,,,,,,,
class: Triangle Figure,Type 2(b),Al model,rotate,compare,0.00%,FALSE,https://tilores.io/jaccard-similarity-coefficient-algorithm-online-tool?t1=rotate&t2=compare
,,,,evalaute_int,6.70%,FALSE,https://tilores.io/jaccard-similarity-coefficient-algorithm-online-tool?t1=rotate&t2=evalaute_int
,,,,consistent,7.70%,FALSE,https://tilores.io/jaccard-similarity-coefficient-algorithm-online-tool?t1=rotate&t2=consistent
,,,,check_equal,0.00%,FALSE,https://tilores.io/jaccard-similarity-coefficient-algorithm-online-tool?t1=rotate&t2=check_equal
,,,,check_match,7.70%,FALSE,https://tilores.io/jaccard-similarity-coefficient-algorithm-online-tool?t1=rotate&t2=check_match
,,,,check_contents,6.20%,FALSE,https://tilores.io/jaccard-similarity-coefficient-algorithm-online-tool?t1=rotate&t2=check_contents
,,,,rotate,100.00%,TRUE,https://tilores.io/jaccard-similarity-coefficient-algorithm-online-tool?t1=rotate&t2=rotate
,,,,rotate_x,71.40%,FALSE,https://tilores.io/jaccard-similarity-coefficient-algorithm-online-tool?t1=rotate&t2=rotate_x
,,,,assert_equals,0.00%,FALSE,https://tilores.io/jaccard-similarity-coefficient-algorithm-online-tool?t1=rotate&t2=assert_equals
,,,,get_direction,0.00%,FALSE,https://tilores.io/jaccard-similarity-coefficient-algorithm-online-tool?t1=rotate&t2=get_direction
,,,,,,,
,,,,,,,
class: SplitPaneDesktop,Type 2(b),Manual hueristics,removeFromDesktop,compare,10.00%,FALSE,https://tilores.io/jaccard-similarity-coefficient-algorithm-online-tool?t1=removeFromDesktop&t2=compare
,,,,consistent,0.00%,FALSE,https://tilores.io/jaccard-similarity-coefficient-algorithm-online-tool?t1=removeFromDesktop&t2=consistent
,,,,get_value,0.00%,FALSE,https://tilores.io/jaccard-similarity-coefficient-algorithm-online-tool?t1=removeFromDesktop&t2=get_value
,,,,find_index,0.00%,FALSE,https://tilores.io/jaccard-similarity-coefficient-algorithm-online-tool?t1=removeFromDesktop&t2=find_index
,,,,round,5.30%,FALSE,https://tilores.io/jaccard-similarity-coefficient-algorithm-online-tool?t1=removeFromDesktop&t2=round
,,,,decode_value,0.00%,FALSE,https://tilores.io/jaccard-similarity-coefficient-algorithm-online-tool?t1=removeFromDesktop&t2=decode_value
,,,,get_idx,0.00%,FALSE,https://tilores.io/jaccard-similarity-coefficient-algorithm-online-tool?t1=removeFromDesktop&t2=get_idx
,,,,change_title,0.00%,FALSE,https://tilores.io/jaccard-similarity-coefficient-algorithm-online-tool?t1=removeFromDesktop&t2=change_title
,,,,get_enum_value,0.00%,FALSE,https://tilores.io/jaccard-similarity-coefficient-algorithm-online-tool?t1=removeFromDesktop&t2=get_enum_value
,,,,read_field,4.20%,FALSE,https://tilores.io/jaccard-similarity-coefficient-algorithm-online-tool?t1=removeFromDesktop&t2=read_field
,,,,,,,
class: Helper,Type 2(b),Manual hueristics,getDrawingView,compare,0.00%,FALSE,https://tilores.io/jaccard-similarity-coefficient-algorithm-online-tool?t1=getDrawingView&t2=compare
,,,,consistent,0.00%,FALSE,https://tilores.io/jaccard-similarity-coefficient-algorithm-online-tool?t1=getDrawingView&t2=consistent
,,,,eval,0.00%,FALSE,https://tilores.io/jaccard-similarity-coefficient-algorithm-online-tool?t1=getDrawingView&t2=eval
,,,,round_up,0.00%,FALSE,https://tilores.io/jaccard-similarity-coefficient-algorithm-online-tool?t1=getDrawingView&t2=round_up
,,,,find_index,5.30%,FALSE,https://tilores.io/jaccard-similarity-coefficient-algorithm-online-tool?t1=getDrawingView&t2=find_index
,,,,get_idx,11.80%,FALSE,https://tilores.io/jaccard-similarity-coefficient-algorithm-online-tool?t1=getDrawingView&t2=get_idx
,,,,add_entries,4.50%,FALSE,https://tilores.io/jaccard-similarity-coefficient-algorithm-online-tool?t1=getDrawingView&t2=add_entries
,,,,distance_sq,0.00%,FALSE,https://tilores.io/jaccard-similarity-coefficient-algorithm-online-tool?t1=getDrawingView&t2=distance_sq
,,,,update_map,0.00%,FALSE,https://tilores.io/jaccard-similarity-coefficient-algorithm-online-tool?t1=getDrawingView&t2=update_map
,,,,add_constant,0.00%,FALSE,https://tilores.io/jaccard-similarity-coefficient-algorithm-online-tool?t1=getDrawingView&t2=add_constant
,,,,,,,
,,,,,,,
class: PolygonFigure,Type 2(d),Al model,splitSegment,compare,0.00%,FALSE,https://tilores.io/jaccard-similarity-coefficient-algorithm-online-tool?t1=splitSegment&t2=compare
,,,,translate,0.00%,FALSE,https://tilores.io/jaccard-similarity-coefficient-algorithm-online-tool?t1=splitSegment&t2=translate
,,,,compare_attribute,0.00%,FALSE,https://tilores.io/jaccard-similarity-coefficient-algorithm-online-tool?t1=splitSegment&t2=compare_attribute
,,,,check_max,0.00%,FALSE,https://tilores.io/jaccard-similarity-coefficient-algorithm-online-tool?t1=splitSegment&t2=check_max
,,,,get_value_at,0.00%,FALSE,https://tilores.io/jaccard-similarity-coefficient-algorithm-online-tool?t1=splitSegment&t2=get_value_at
,,,,eval,0.00%,FALSE,https://tilores.io/jaccard-similarity-coefficient-algorithm-online-tool?t1=splitSegment&t2=eval
,,,,fmod,0.00%,FALSE,https://tilores.io/jaccard-similarity-coefficient-algorithm-online-tool?t1=splitSegment&t2=fmod
,,,,compare_nodes,0.00%,FALSE,https://tilores.io/jaccard-similarity-coefficient-algorithm-online-tool?t1=splitSegment&t2=compare_nodes
,,,,dist,0.00%,FALSE,https://tilores.io/jaccard-similarity-coefficient-algorithm-online-tool?t1=splitSegment&t2=dist
,,,,,,,
,,,,,,,
class: PatternPainter,Type 2(d),Al model,drawPattern,paint_image,0.00%,FALSE,https://tilores.io/jaccard-similarity-coefficient-algorithm-online-tool?t1=drawPattern&t2=paint_image
,,,,paintImage,0.00%,FALSE,https://tilores.io/jaccard-similarity-coefficient-algorithm-online-tool?t1=drawPattern&t2=paintImage
,,,,scale_image,0.00%,FALSE,https://tilores.io/jaccard-similarity-coefficient-algorithm-online-tool?t1=drawPattern&t2=scale_image
,,,,image_update,10.50%,FALSE,https://tilores.io/jaccard-similarity-coefficient-algorithm-online-tool?t1=drawPattern&t2=image_update
,,,,compare,0.00%,FALSE,https://tilores.io/jaccard-similarity-coefficient-algorithm-online-tool?t1=drawPattern&t2=compare
,,,,consistent,5.60%,FALSE,https://tilores.io/jaccard-similarity-coefficient-algorithm-online-tool?t1=drawPattern&t2=consistent
,,,,check_image,0.00%,FALSE,https://tilores.io/jaccard-similarity-coefficient-algorithm-online-tool?t1=drawPattern&t2=check_image
,,,,paint,0.00%,FALSE,https://tilores.io/jaccard-similarity-coefficient-algorithm-online-tool?t1=drawPattern&t2=paint
,,,,pack,0.00%,FALSE,https://tilores.io/jaccard-similarity-coefficient-algorithm-online-tool?t1=drawPattern&t2=pack
,,,,draw_centered,29.40%,FALSE,https://tilores.io/jaccard-similarity-coefficient-algorithm-online-tool?t1=drawPattern&t2=draw_centered
,,,,save_image,0.00%,FALSE,https://tilores.io/jaccard-similarity-coefficient-algorithm-online-tool?t1=drawPattern&t2=save_image
,,,,,,,
,,,,,,,
class: TriangleRotationHandle,Type 2(d),Manual hueristics,getOrigin,update_view,0.00%,FALSE,https://tilores.io/jaccard-similarity-coefficient-algorithm-online-tool?t1=getOrigin&t2=update_view
,,,,updateView,0.00%,FALSE,https://tilores.io/jaccard-similarity-coefficient-algorithm-online-tool?t1=getOrigin&t2=updateView
,,,,is_syncing,6.20%,FALSE,https://tilores.io/jaccard-similarity-coefficient-algorithm-online-tool?t1=getOrigin&t2=is_syncing
,,,,do_repaint,6.20%,FALSE,https://tilores.io/jaccard-similarity-coefficient-algorithm-online-tool?t1=getOrigin&t2=do_repaint
,,,,enable_debugging,9.50%,FALSE,https://tilores.io/jaccard-similarity-coefficient-algorithm-online-tool?t1=getOrigin&t2=enable_debugging
,,,,update_name,0.00%,FALSE,https://tilores.io/jaccard-similarity-coefficient-algorithm-online-tool?t1=getOrigin&t2=update_name
,,,,data_changed,5.60%,FALSE,https://tilores.io/jaccard-similarity-coefficient-algorithm-online-tool?t1=getOrigin&t2=data_changed
,,,,set_shape_type,5.30%,FALSE,https://tilores.io/jaccard-similarity-coefficient-algorithm-online-tool?t1=getOrigin&t2=set_shape_type
,,,,repaint_view,5.60%,FALSE,https://tilores.io/jaccard-similarity-coefficient-algorithm-online-tool?t1=getOrigin&t2=repaint_view
,,,,set_red,7.70%,FALSE,https://tilores.io/jaccard-similarity-coefficient-algorithm-online-tool?t1=getOrigin&t2=set_red
,,,,get_polygon,12.50%,FALSE,https://tilores.io/jaccard-similarity-coefficient-algorithm-online-tool?t1=getOrigin&t2=get_polygon
,,,,,,,
,,,,,,,
class: DiamondFigure,Type 2(d),Manual hueristics,get,run,0.00%,FALSE,https://tilores.io/jaccard-similarity-coefficient-algorithm-online-tool?t1=get&t2=run
,,,,undo,0.00%,FALSE,https://tilores.io/jaccard-similarity-coefficient-algorithm-online-tool?t1=get&t2=undo
,,,,down,0.00%,FALSE,https://tilores.io/jaccard-similarity-coefficient-algorithm-online-tool?t1=get&t2=down
,,,,compute,0.00%,FALSE,https://tilores.io/jaccard-similarity-coefficient-algorithm-online-tool?t1=get&t2=compute
,,,,extend,0.00%,FALSE,https://tilores.io/jaccard-similarity-coefficient-algorithm-online-tool?t1=get&t2=extend
,,,,move_down,0.00%,FALSE,https://tilores.io/jaccard-similarity-coefficient-algorithm-online-tool?t1=get&t2=move_down
,,,,zoom_in,0.00%,FALSE,https://tilores.io/jaccard-similarity-coefficient-algorithm-online-tool?t1=get&t2=zoom_in
,,,,draw,0.00%,FALSE,https://tilores.io/jaccard-similarity-coefficient-algorithm-online-tool?t1=get&t2=draw
